{
  "name": "rect_400x400_5min_r_check_fiber",
  "aggregate_type": "silicate",
  "loads": {
    "N": -500.0,
    "Mx": 30.0,
    "My": 0.0
  },
  "method": "fiber",
  "snapshot_index": -1,
  "section": {
    "outer": [
      [
        0.0,
        0.0
      ],
      [
        0.4,
        0.0
      ],
      [
        0.4,
        0.4
      ],
      [
        0.0,
        0.4
      ]
    ],
    "holes": [],
    "rebars": [
      {
        "id": 0,
        "x": 0.05,
        "y": 0.05,
        "diameter": 0.016
      },
      {
        "id": 1,
        "x": 0.35,
        "y": 0.05,
        "diameter": 0.016
      },
      {
        "id": 2,
        "x": 0.35,
        "y": 0.35,
        "diameter": 0.016
      },
      {
        "id": 3,
        "x": 0.05,
        "y": 0.35,
        "diameter": 0.016
      }
    ]
  },
  "materials": {
    "concrete": {
      "fc_mpa": 14.5,
      "ft_mpa": 1.05,
      "e_mpa": 30000.0
    },
    "rebar": {
      "rs_mpa": 435.0,
      "e_mpa": 200000.0
    }
  },
  "fire_section": {
    "fire_duration_min": 5.0,
    "fire_curve": "iso834",
    "mesh_step_m": 0.05,
    "time_step_s": 10.0,
    "snapshot_step_min": 5.0,
    "theta": 1.0,
    "picard_tol_celsius": 0.5,
    "picard_max_iter": 20,
    "bc_preset": "manual",
    "algorithm": "ruppert",
    "smooth_iter_tri": 2,
    "edges": [
      {
        "original_edge_index": 0,
        "bc_type": "fire",
        "alpha_conv": 25.0,
        "emissivity": 0.7,
        "fire_curve": "iso834",
        "t_ambient_celsius": 20.0
      }
    ]
  },
  "thermal": {
    "x": [
      0.0,
      0.05,
      0.1,
      0.15000000000000002,
      0.2,
      0.25,
      0.30000000000000004,
      0.35000000000000003,
      0.4,
      0.4,
      0.4,
      0.4,
      0.4,
      0.4,
      0.4,
      0.4,
      0.4,
      0.35000000000000003,
      0.30000000000000004,
      0.25,
      0.2,
      0.15000000000000002,
      0.09999999999999998,
      0.04999999999999999,
      0.0,
      0.0,
      0.0,
      0.0,
      0.0,
      0.0,
      0.0,
      0.0,
      0.03220045070899608,
      0.3667288518595414,
      0.3680354541821799,
      0.032670411171183564,
      0.038506215569006914,
      0.07269606387787968,
      0.0709790407292547,
      0.32641842936802423,
      0.03999194740989579,
      0.3582846771663661,
      0.36217949914672537,
      0.3299024965902255,
      0.3583128654435135,
      0.28290113842483056,
      0.12185454404366765,
      0.042307414911939255,
      0.11946327187478036,
      0.2771059032620895,
      0.3496161598623229,
      0.04327217512208717,
      0.17222103864155694,
      0.2253667496182649,
      0.339728466261531,
      0.35412875008015604,
      0.22711172328499793,
      0.17206701895540824,
      0.04310514691404576,
      0.043258143637426714,
      0.0833186790448429,
      0.08768178936796839,
      0.08645281694702679,
      0.0857876480378087,
      0.09043833841427544,
      0.14438654594032632,
      0.12359536686327832,
      0.12778400093671555,
      0.13183580467026287,
      0.13920607234296545,
      0.20058801220436004,
      0.2555541256594565,
      0.18133608559445913,
      0.23503241127684213,
      0.17093346280667757,
      0.2156168439232016,
      0.3091185694123555,
      0.2925762600964495,
      0.27127434345943136,
      0.31054502749817015,
      0.3146580007494073,
      0.2717504609643247,
      0.23681085430310977,
      0.2029611767227962,
      0.1688377128580407,
      0.31968130837067615,
      0.2731697409617598,
      0.224053148277114,
      0.1875723767348621
    ],
    "y": [
      0.0,
      0.0,
      0.0,
      0.0,
      0.0,
      0.0,
      0.0,
      0.0,
      0.0,
      0.05,
      0.1,
      0.15000000000000002,
      0.2,
      0.25,
      0.30000000000000004,
      0.35000000000000003,
      0.4,
      0.4,
      0.4,
      0.4,
      0.4,
      0.4,
      0.4,
      0.4,
      0.4,
      0.35000000000000003,
      0.30000000000000004,
      0.25,
      0.2,
      0.15000000000000002,
      0.09999999999999998,
      0.04999999999999999,
      0.03314752829422518,
      0.03202056078673327,
      0.3667983747928514,
      0.3667902995413442,
      0.0733670624836172,
      0.35868227019357707,
      0.04128010378992233,
      0.038044514421552496,
      0.3259877319925676,
      0.0703058066902764,
      0.3266863165645859,
      0.35843102825660567,
      0.27813689762073773,
      0.3495021913825529,
      0.35411650032655384,
      0.12267165039850525,
      0.04845262023025541,
      0.0422640543498826,
      0.117725531594995,
      0.2758869810195618,
      0.04955739600830816,
      0.045741909285056837,
      0.1742616696896064,
      0.22844659289475797,
      0.337952155149016,
      0.35125829412069737,
      0.22475996353471686,
      0.17390155036738253,
      0.0904117955396424,
      0.14484809571870916,
      0.19858896162356157,
      0.24970966529831673,
      0.30576217973829045,
      0.30733764181487305,
      0.268879467064018,
      0.22456410570700888,
      0.17141189515983712,
      0.10750192188317047,
      0.09592500171899777,
      0.08833919221736591,
      0.14935961945075837,
      0.13761405315428843,
      0.20151174301090183,
      0.1845394555549267,
      0.08130195535082531,
      0.12988856808399343,
      0.1836835947165913,
      0.21494371179595836,
      0.2587523184497235,
      0.23740130780373955,
      0.21782150438397344,
      0.2245478481832051,
      0.2568113785043672,
      0.3097737734414539,
      0.2924502234262842,
      0.2667005736407865,
      0.3045088961746768
    ],